x,y,group,"cluster"
7.287249955494005,7.6209979951176905,0,1
7.0100668061491325,-0.4282453134965083,1,0
-1.4099849586487843,-1.8577091039953624,3,2
-4.109425481508708,-9.37230329794561,2,4
0.3857354981279579,-0.4108285820157029,4,2
-0.9372528383662406,-1.2436065769629523,3,2
-1.131221535546212,-2.844205992854033,3,2
6.090070157488671,0.45927802221483893,1,0
-1.7326421029734276,-2.5598980280181993,3,2
-1.2860861780802537,-2.745775013951141,3,2
8.31506736896361,0.5031259381174583,1,0
-2.1610466656479552,-1.5817893212411538,3,2
-5.608943288552228,-9.955825267658142,2,3
-0.29430118475471967,-4.668953451478656,3,2
7.212557482730446,1.240020822379047,1,0
-0.1728869906968672,-1.4579769967318614,4,2
-7.347659289916843,-11.204160975496064,2,3
9.515117336124291,9.44096475249529,0,1
-3.7303751526176026,-10.565056995611009,2,3
7.968633533269993,2.1003816484286952,1,0
0.4742748693953841,-0.00740666213418939,4,2
6.958024591808848,9.199246113082749,0,1
-0.07456540229731545,0.3360098135585403,4,2
2.968572236595428,-0.36846590408409957,4,2
-0.6809181509330313,-3.5347752552926375,3,2
-1.3742530190308824,-2.076344705372316,3,2
-1.5052699254061892,-2.1164951071823705,3,2
1.7133267140897201,-0.09454145150647936,4,2
-2.1367156876591418,-3.18232359725277,3,2
-0.5931750950323483,-1.3456907944106935,3,2
-5.054706340128759,-10.013202039787732,2,3
-6.682855816965192,-9.641286678785018,2,4
7.1843253249613515,9.319219920986189,0,1
-4.549398623929534,-10.05854946135503,2,3
7.447587860461966,1.123803497313997,1,0
0.27576175129743596,-1.1879214563930458,4,2
-2.8588314433342745,-1.4937177860575752,3,2
9.156683092959971,9.594598875233936,0,1
7.0206882657145275,0.5358582370100325,1,0
8.728106972178315,0.7549161180877124,1,0
-5.946662660494342,-8.966574980067618,2,4
-5.654584851162445,-11.229460803865093,2,3
7.60209931610897,-0.49929245528532507,1,0
1.0736252189398692,-0.7974390200713014,4,2
7.115235734464067,0.46966813260691764,1,0
8.564814232346611,9.444920688789935,0,1
7.027837526368007,0.679568714716014,1,0
6.798585296429635,10.141118273421233,0,1
0.41358593498388685,-3.155686786952823,3,2
-5.779589091126911,-9.445469788515709,2,4
-0.5752825540696955,-0.2748510358231708,4,2
1.2413265246227967,-0.6267909934006719,4,2
-4.352913645003854,-9.100303074054954,2,4
7.601887081666246,10.0690234341535,0,1
-1.3717566522900488,-1.3326703088986651,4,2
-4.539441306029769,-8.950926263412043,2,4
-4.623741302682353,-9.950700968200826,2,3
7.008064268808484,3.518042703701429,1,0
-6.743272002673235,-9.296434183470641,2,4
-2.2849657441026863,-11.229642611108876,2,3
7.220951917318899,8.065444140013149,0,1
7.494599698139817,0.013531446710327799,1,0
-0.23412085823057593,-0.6884357252062975,4,2
0.3326380904037922,-0.7921952701238789,4,2
-5.655853660603671,-9.286541012512062,2,4
-2.044215704062883,-2.5155110180106526,3,2
0.9681806482478125,0.3690808145724772,4,2
7.150133207724267,9.52893935491138,0,1
-4.465032237306162,-8.279559488019752,2,4
5.940755073309967,-0.447460195645752,1,0
-0.540000119659868,-1.672822271041016,3,2
8.567867766145346,0.8540181640512731,1,0
-2.614234002000505,-1.9478164370938198,3,2
1.3656906776519997,0.8734882023116735,4,2
1.8342675947503597,0.8794485871330024,4,2
9.100888584366245,9.148074112068752,0,1
0.2245637249457567,-1.8412129424732757,4,2
9.02255525476423,10.067779007846225,0,1
5.822597951012563,8.88727230645335,0,1
-6.626555096770547,-10.418194751154761,2,3
6.345261255285186,8.706777786834534,0,1
-2.064270572963239,-3.9027694530149786,3,2
6.278772368456181,8.721863816239065,0,1
1.0121182457232953,-1.045154150733049,4,2
-0.8242808328970326,-1.8540177119037229,3,2
-1.0070776199121012,-1.860532745126164,4,2
7.970490011706938,9.541129473650141,0,1
8.272192076536523,0.29028069648127225,1,0
7.24673667974457,1.4897164796924085,1,0
-3.860397422660684,-9.653803003633456,2,4
6.79884852641778,0.37978888480521167,1,0
5.395958296235875,1.0469091443469902,1,0
0.393844281275055,-0.3397978226738817,4,2
0.09400960618043919,-3.5169272253800674,3,2
7.415465953879694,9.724758371838798,0,1
6.173573651136039,8.737566209511403,0,1
6.7913501296292225,-0.24831586331607025,1,0
7.553033522622914,11.857061051517427,0,1
-0.5635234251955527,-3.6427560591101393,3,2
-0.7388159331197255,-0.4219246405591036,4,2
0.6409961613180818,-0.6520187940593745,4,2
-6.25664214442703,-8.699352920261537,2,4
-2.835954200278075,-1.8769853426324525,3,2
7.26697254453205,9.87045836320718,0,1
7.620065399867135,0.003750861758320845,1,0
-2.65502271145677,-0.614990002901245,3,2
6.459972099199829,-0.06332700165453864,1,0
-5.162994766199225,-9.403667738616193,2,4
-4.796561092344934,-9.745781328578008,2,4
7.597087707482666,10.819669848762196,0,1
-1.5965164517335522,0.28826518045578187,3,2
6.354469184321326,10.864033367413178,0,1
-0.747409850416868,0.6432343433824776,4,2
-5.001434227739445,-9.94458255051165,2,3
6.760792251035577,0.9996062824927323,1,0
7.84402130307111,10.290604026088724,0,1
1.6020927586114653,0.9647103941519015,4,2
-0.08436116990902476,-0.7772101977967327,4,2
-1.0031276332024304,-1.6721479813819966,3,2
-4.041249008271683,-8.381662675554724,2,4
5.829449254802579,-0.5092658534897836,1,0
-2.4687646687427134,-2.502816394721787,3,2
-1.7739280280538776,-2.430750563121406,3,2
-5.745564262365631,-9.71798356596819,2,4
8.616485730375121,10.436749646466055,0,1
-5.077280527762006,-8.314283295769158,2,4
8.993341532573062,9.731349104923995,0,1
0.4184460545520112,-1.2573874076514413,3,2
-6.640010558153312,-10.725340793678184,2,3
-0.13044149059135013,-1.470254743584063,4,2
-0.4029400441530282,-1.108965570627451,3,2
-5.837555662341006,-9.549465575728139,2,4
6.285160908503309,11.287176866954118,0,1
6.58341964626203,8.426786794386613,0,1
-1.6756839501634844,-1.4940068449396904,3,2
-4.998295677220346,-8.562340039602296,2,4
2.018229692861109,-0.12482134583218102,4,2
6.999432028862441,0.1724117349080168,1,0
8.943024149738253,8.407216892101939,0,1
3.4773801341560486,-1.0541196510768716,4,2
5.284357735533577,10.16972385386114,0,1
0.6736748725478375,0.43106494365949655,4,2
-6.867284828337437,-8.783843554642218,2,4
5.73012789302917,1.8288209674001483,1,0
0.9502604952304274,-1.225009811281784,3,2
7.101853520990853,1.869623930658466,1,0
-5.877749178238418,-10.556674872364178,2,3
-2.133381409751258,-0.9993154900718666,3,2
2.70075455115344,-0.3121014738937383,4,2
6.2755563137163906,0.19769664588676367,1,0
7.3815346348767505,1.8852190987694812,1,0
0.2908766811604036,-2.3419128295049454,4,2
6.093822816447005,9.38044447288155,0,1
7.568333855095813,9.324433090070357,0,1
-0.5497559944746686,-0.07003347445868835,3,2
8.745835167664804,0.0019419212969215005,1,0
0.13883060987561224,-1.6024728810351991,4,2
-0.9279261195099837,-1.2937769477284238,3,2
-0.8513601269297941,0.053389458191065386,4,2
5.632355686495807,0.05402257709270886,1,0
-6.085560874076553,-9.496305444147676,2,4
8.20894638585149,-0.06475788517236314,1,0
7.079786441337632,7.814277469415647,0,1
5.641399228450284,1.3690235266551944,1,0
8.231847572690446,10.847693186232384,0,1
-0.6000819183238306,-1.4454281924869292,3,2
-4.841057564490701,-9.83972959271373,2,3
0.27613055879484183,-1.5150709932528845,4,2
0.43643074373800883,-0.9828207124839661,4,2
4.333668288215691,10.510346756712527,0,1
-4.052577632711204,-10.315653100404953,2,3
8.677279162956419,8.463473359269983,0,1
8.482698736410622,11.593414524942265,0,1
-1.6740891257619899,-2.2730899851454147,3,2
1.9925117150853577,-0.1959449043151725,4,2
7.992110381521779,2.992096656638699,1,0
-6.5515270315095835,-8.101956718736952,2,4
7.368023293539009,0.6587109164170746,1,0
-5.36801642241027,-7.172569959701239,2,4
3.8244311397775714,-0.653605451388678,1,0
-6.335609142918987,-9.3092225187296,2,4
-0.9517969395918793,-0.030396568743926988,4,2
7.612029295911393,9.028169223872805,0,1
7.743632108687441,-0.9850505965891654,1,0
-0.8063189176137635,-0.6857685383073295,4,2
0.7854537205667088,-1.0842204550420058,4,2
-1.1971571272253028,-2.472105111204013,3,2
0.46646984325104573,0.3658932492792686,4,2
5.499532131887836,9.043844937885712,0,1
-7.448775165106873,-11.033748989997555,2,3
2.6856456716700725,-0.7057168511641309,4,2
5.6308750578324895,0.9967387698990935,1,0
-4.296553874127049,-11.238906173038382,2,3
7.499852369522471,9.552742844448742,0,1
0.43585925397497494,-0.7870106030132626,4,2
-2.320801785912565,-3.2079782870092264,3,2
6.05283685358727,-0.3831695619570952,1,0
-1.9465234917623226,-0.19944273437968696,3,2
-4.837408152299519,-8.951854055683052,2,4
-0.563171306856767,-0.2955813181157797,4,2
0.18798035360223242,-1.75458126881179,3,2
8.161064605729646,-0.36728268159548694,1,0
-2.297457998134793,-0.5934308848308016,3,2
5.2780175677390995,8.93474119162427,0,1
-4.82588817109731,-9.362501549281129,2,4
-5.708150446326315,-10.034174595754312,2,3
0.5995477656741695,-0.11441157667100627,4,2
7.403149150013054,10.423424370349162,0,1
0.09175215012676347,-0.4490016031912552,4,2
-0.189853408409542,-0.6126865841529228,3,2
-0.039007648135010065,-2.2078443416104805,4,2
-6.567229216046611,-10.662392113632494,2,3
-6.014546651427816,-9.976319390647056,2,3
-1.2022463069580205,-2.067143812425589,3,2
-6.303355052709926,-9.75466528820671,2,4
-5.280379639991728,-9.846641828391466,2,3
-3.3358328997699247,-10.214534132717315,2,3
7.473804133963561,0.9944639460039711,1,0
-7.4862156143845375,-10.964832691510177,2,3
1.061192170115397,-0.8429212858294344,4,2
7.8251010710785005,8.418652661123032,0,1
7.585959833574398,9.37886943179718,0,1
-0.38110719838341955,-1.8514077426866058,3,2
6.534239698666864,9.455323410435087,0,1
6.505189211803362,9.02053654098528,0,1
-4.797151484902824,-9.804753559304343,2,3
6.967768048485153,10.134154534947147,0,1
-1.4006718039215091,-0.7761362012966122,4,2
9.30919855078906,2.4634574641784797,1,0
-0.4064039881219915,-2.587189725848533,3,2
7.5781827681898575,9.586292328375526,0,1
2.2674353947170993,0.15440179707073043,4,2
-2.855669563305581,-2.3478151177951343,3,2
-2.078843067442458,-3.446123641778327,3,2
6.89034437220164,-0.008200855780157168,1,0
0.21476163712932492,-0.1346029084274853,4,2
8.475640597871218,-0.6063415582435452,1,0
8.375011443127889,2.0654717540214547,1,0
-2.298054263204972,-1.6675356949889482,3,2
-5.254688348220261,-11.29365122098914,2,3
-0.9060187302805114,-2.240577460094625,3,2
7.020105068284552,10.496382534935785,0,1
-0.5536034163982804,-1.1162695887533522,4,2
0.61139221662622,-0.7600960367592662,4,2
7.405659325970529,8.829244796431713,0,1
-2.6075952338742656,0.29834624712291813,3,2
-1.1796577102931796,-2.148099825433503,3,2
-1.2278013166937671,-3.6746774567772453,3,2
-0.33746149264727743,-1.9015247655139669,3,2
-6.583944660742798,-9.334578189833433,2,4
-0.13564972832460365,-0.9202304409755444,4,2
0.5853692969562847,-2.130796951488517,4,2
8.758949927499842,8.375096687999966,0,1
6.629342337739841,9.653572936342375,0,1
7.457442350277927,0.3925223954757744,1,0
8.50049461069633,9.121478552184868,0,1
0.08080161620950543,-1.126042954299702,4,2
-4.52607916198115,-9.359950607903658,2,4
-6.055868963454366,-9.205087821685975,2,4
0.5371450478599569,-0.24772353748140596,3,2
-0.37129897113786625,-2.157500343557261,3,2
-1.7132415279715165,-0.9041648388400381,3,2
8.12572788398165,-0.9016298012287647,1,0
6.95941728587358,8.592999938064438,0,1
7.140387026299776,1.6951625136148463,1,0
6.851576616494909,2.9235484639898215,1,0
-2.1174703761545137,-2.2367449242900834,3,2
-1.650680445042217,-2.482328994099497,3,2
-2.945341031113532,-2.1565221068394367,3,2
0.4035197597351279,-0.01466178685142544,4,2
0.09202189155758211,-2.369720633688498,3,2
6.2563285286172015,0.9473484203669975,1,0
1.8928049921184775,1.5057199943301969,4,2
-1.7417581541339975,-1.486083357484046,3,2
7.422737473740926,-0.6288605782813081,1,0
6.011231794410902,-2.234410255120348,1,0
-0.6474001789227605,-1.4823525152206924,3,2
-5.772482145454284,-11.038357489283078,2,3
-5.448156714553068,-10.230657321018322,2,3
7.396345937007458,8.901965589004742,0,1
9.47863923001142,0.7622235957002911,1,0
-1.4289206845683622,-2.3276564593858917,3,2
0.7874906375460159,-0.9431743768833831,4,2
-1.2287147575798196,-0.794779460621426,4,2
1.1322319097462512,-0.7059510255867106,4,2
7.954653824696499,-0.8261452375534921,1,0
1.0513966239860437,-0.17859949762810973,4,2
-5.145433601951113,-9.326448677676959,2,4
-0.9976853853752017,-3.0707068960440256,3,2
-5.79355481420723,-11.200327464855892,2,3
5.7828008157777155,-0.5765475452763187,1,0
-1.6326112628212928,1.0603323080344005,3,2
6.324774764629154,9.312177414966332,0,1
-2.1014758694881945,-0.8368320062055714,3,2
7.880986316342887,0.8834035659448121,1,0
6.889957514069634,8.462770228668793,0,1
-5.879635848865166,-11.017432882076761,2,3
1.2761239841816214,-1.23718379254236,4,2
6.7084949253267245,0.2830958193865833,1,0
-5.784982799569008,-11.700457011427943,2,3
5.073374915485944,10.524829732323994,0,1
1.2168965437718215,0.2444359120673718,4,2
5.590109862666846,-0.3876880507815712,1,0
7.469969216991874,8.449353229479671,0,1
-0.6571078344275649,-0.901224389149884,4,2
8.910886872874093,0.2883444533228042,1,0
-4.903670376548021,-8.90075777925308,2,4
1.3325023558687863,1.3664684345022067,4,2
-1.2402703207550156,-1.4495574272418024,3,2
-1.2843305833153846,-2.249022027676396,3,2
1.0500789683780714,0.5030836327154927,4,2
0.09759887511155513,-2.4366088028274615,4,2
-1.6917987148134186,-0.5928409356514948,3,2
7.8069747567404,0.6058263863376906,1,0
8.578917091512155,1.2884762742179345,1,0
0.8765429367818305,0.901508369428996,4,2
-0.8093813638237587,-2.9866598340636097,3,2
6.584020797700918,9.003256641725718,0,1
-2.841848669470719,-1.2383555761603167,3,2
-1.4993413474645545,-2.8231678595330187,3,2
9.19242713000974,8.684329014447417,0,1
-0.41357236727585844,0.8028566498765504,4,2
0.5544625147439268,-0.7151643240833909,4,2
6.42722551513746,1.0597295949599534,1,0
-1.0263361469774421,-0.18396942660871815,4,2
-4.798437607895745,-7.999857222746038,2,4
8.802459692749535,0.9376303173789141,1,0
0.18582311513944844,-0.3451882977006412,4,2
-6.433091530127143,-9.947481862368688,2,3
2.541214172485176,-1.2246886532075383,4,2
7.541073189113597,8.998105761927238,0,1
6.1730350934366385,0.742732310260604,1,0
7.2427242897113056,1.083095379098387,1,0
-0.21904414278741657,-2.2789570009461904,4,2
8.295876593626874,1.2440220094251377,1,0
8.288000426413092,10.032990532726476,0,1
8.601997266021987,8.326588893750793,0,1
0.47894974180979133,0.5032350746096765,4,2
7.799246924074256,10.595769524075402,0,1
-2.6554822111780485,-1.3559577691674585,3,2
-2.0116918921124176,-1.964941277926055,3,2
9.317032523759693,0.800524233787886,1,0
-5.933165474138492,-8.795004253229479,2,4
0.48486628204837706,-0.9944466788400929,4,2
2.657457755230942,0.12176632848430746,4,2
-5.73119351262826,-9.423623860380829,2,4
0.6882073856908875,1.2174337386777851,4,2
-1.7908910514478862,-2.1435565145376785,3,2
7.2404243181206915,1.5792079020601733,1,0
0.14958243971421803,-1.486308411069896,3,2
-3.140927766890055,-1.2650504569458236,3,2
1.182575706887181,0.23636696345802177,4,2
-3.9096919215516537,-10.007068731068435,2,3
-1.6363708614031758,-3.2687335840945275,3,2
7.395238695684469,9.144728088087732,0,1
7.469313828592029,-0.015452717296372875,1,0
-5.256777984596253,-10.52383285433379,2,3
-4.902650814363718,-10.070031886544406,2,3
-6.623960420370882,-9.105871493318316,2,4
0.8266458130081742,-2.3602485156910165,4,2
6.657126903265955,7.727562327539484,0,1
7.270240549550207,0.01863733798425138,1,0
8.552471839227717,0.9409637482647257,1,0
-3.8305777760815807,-10.770865567925714,2,3
8.011419197557926,9.201929937771945,0,1
7.423823808501373,8.678360212342868,0,1
-0.12256453366237097,-0.9604536923283395,4,2
0.32613704953923456,-1.0410095684421339,4,2
-3.964416576081062,-10.244781211287444,2,3
-5.887690288234796,-8.61972730568017,2,4
0.053865382503895276,-0.9481669181086851,3,2
7.659342960247683,0.6344965246955189,1,0
-6.60876541520388,-9.420174880110313,2,4
6.965753340324727,-0.014885409305681274,1,0
0.7579259561529195,-1.4217409756258848,4,2
-6.622090637296673,-8.659035172983126,2,4
8.301259460234487,9.663941225715302,0,1
7.96822610005314,1.164380742970426,1,0
7.334281291036978,-0.16408795073460558,1,0
0.3236755710607989,-0.1167614221037287,4,2
-6.074195138739097,-9.026112903037713,2,4
0.713172066832069,-0.3147586450051971,4,2
0.1443743419908885,0.25397379295841405,4,2
7.429228579944575,1.4597910028710703,1,0
8.008997515954228,8.858210631335801,0,1
-4.831010904167264,-9.285301643529596,2,4
6.1939996316612485,8.197869541549899,0,1
-4.107138851911461,-8.453341959169048,2,4
-6.850549396059214,-10.64240220691247,2,3
9.95405976991643,9.517722896670382,0,1
-5.258290298514794,-10.383892468735949,2,3
-0.025035629807586002,-2.76546409854981,3,2
8.328136165016698,9.140024260933055,0,1
8.76643118868822,9.30350321074182,0,1
-1.4785270735148932,-1.0134149965754546,3,2
-4.330166957379906,-9.315366281124295,2,4
7.669612704317455,0.24491482615838867,1,0
-0.8413170106266965,-1.2477101288085186,4,2
-5.26384144181139,-8.895179727042954,2,4
-2.2567847439957602,-1.333554035446595,3,2
1.5232373395620102,0.6058053176102487,4,2
7.4934130989870384,11.008923557354521,0,1
1.471456182435833,-1.422759230391752,4,2
1.6816507925145763,-1.370168559115548,4,2
7.80361128347518,9.745612644361906,0,1
-3.952410167847839,-9.254160102041162,2,4
-1.668550889499028,-0.43494090959893117,3,2
2.132657899144826,0.5831796218716951,4,2
-1.23525629012439,-1.9264148331260778,3,2
7.653612551258315,0.8086690987647491,1,0
-2.2344975096379915,-1.723151034028034,3,2
-5.376663889538523,-8.160327910887801,2,4
-6.55651322775148,-11.24082697216877,2,3
1.6731811934192082,0.8349813249796108,4,2
-2.3482499846529734,-0.10042926771579563,3,2
7.943106473721276,8.206222084295161,0,1
0.6835905657047965,-1.695347677483677,4,2
-6.545662224789826,-9.79518542842351,2,4
8.090742154489607,9.56303700297735,0,1
-6.352953129223856,-10.72258241105845,2,3
4.7824672752424275,9.35057259963864,0,1
-2.6134185995122836,-2.706282952773817,3,2
6.512123386852684,-0.7336300370886222,1,0
8.31341230253502,9.983845987329586,0,1
8.651660296253231,-0.6307791713174153,1,0
-4.031836156018062,-11.446589805625225,2,3
7.514634036401252,10.141075882587955,0,1
6.080578028069766,0.7694349531354364,1,0
8.185144740666244,9.513377728246477,0,1
0.35323817080568554,-2.0699416962298147,3,2
-6.1849918009533225,-10.029011749809483,2,3
-2.617929315582985,-1.825818736879182,3,2
-7.259503545176741,-9.271937185604537,2,4
1.1137365198030742,-1.6676727113471896,3,2
7.264232872048343,1.4642738778909277,1,0
-1.015220433197485,-0.657607191138234,3,2
7.285743925777143,1.3737375780068564,1,0
8.319952639629143,0.5909962058393373,1,0
-0.37675797913278597,0.8213326749591223,4,2
-5.376969335299483,-7.750514573269461,2,4
-0.8501631432228155,-2.6917701902412103,3,2
0.8687105933204836,-1.3021777346120498,4,2
5.598788697234291,7.591700220274871,0,1
7.977463386411487,-0.0398556859364223,1,0
-1.3138385119519234,-2.3133363276244965,3,2
-7.11974750365138,-10.246367149141491,2,3
6.652554991537557,1.5050566178902876,1,0
6.653497749103859,8.848928403754208,0,1
7.439415428552322,-0.9938394218826032,1,0
8.002368640248065,10.169173297436705,0,1
-1.912544026282738,-2.5490577510502446,3,2
7.6481143901056186,1.7372583538715218,1,0
-1.00755285592299,-2.0673504219803185,3,2
7.102170122638735,7.5335314493593595,0,1
-0.5475799137706957,-4.205870749572515,3,2
1.2184758999751892,-1.234047032878881,4,2
8.800021429840212,8.543235209407513,0,1
-4.369884839345316,-10.02742577701198,2,3
-1.0020811377438659,-0.24416963330278205,4,2
-4.176552412277962,-10.13692924672459,2,3
8.815456625950373,8.763860459061515,0,1
0.6845017240600801,-1.8862377438616327,4,2
5.942055856146272,10.507683327709145,0,1
9.215030920435723,1.8212727204902046,1,0
5.222312971626685,-0.07931316393330101,1,0
8.894646056687815,10.298063970155248,0,1
2.1057257309008826,-0.07364525690565149,4,2
-0.846503801856954,-0.30051047848082946,3,2
-4.000438316758182,-8.760285284963444,2,4
7.1858608036513285,-0.12059530288813725,1,0
8.550945141838417,-0.07914215306034844,1,0
8.759721171599494,9.129311482313438,0,1
8.322450913026787,9.678191958082412,0,1
5.424893970420767,1.3959523228310187,1,0
-5.412688309298478,-9.74920903165204,2,4
-6.630424713202049,-9.85353136079339,2,4
5.389978581956688,9.048110161978888,0,1
9.040258986792887,0.6360413580744034,1,0
1.332677864763502,-1.3939001916066385,4,2
-3.8772969008405465,-9.0468313567112,2,4
-1.609386917853121,-1.5315867060804835,3,2
-5.587608206411044,-10.286022328814296,2,3
6.9237689296924305,1.1462153178242227,1,0
-2.316347264457555,-2.3217268396157547,3,2
10.194845654275616,1.071806231111267,1,0
-0.8480362703913631,-0.00662953545219791,3,2
7.564759624459323,11.247628676699287,0,1
-1.0333625546123801,1.0533249551687933,4,2
-2.804358311256017,-1.4099486678377882,3,2
0.6289747186332297,-0.6401220208382445,4,2
0.1474500018986336,-0.5077918427915606,4,2
0.6051283509301881,-0.07732066868364162,4,2
-5.875881990140197,-10.53804168706124,2,3
7.620515842091222,9.371448142389962,0,1
-0.5891743742534183,-1.1848192845312961,3,2
-4.955096508279245,-8.620011285990941,2,4
7.861538125545939,-0.7299767850689807,1,0
-0.7583320382307901,-1.0269396215736986,3,2
-0.4275829908212775,0.2762291548741518,4,2
8.725786964984321,10.34691678315044,0,1
-1.6008452552843397,-1.7051615435006975,3,2
-4.8021351337186715,-9.483345715705209,2,4
6.715800445881374,11.406780395532657,0,1
-0.41867183296858657,-0.7967248279102277,3,2
0.5667231389758176,-1.0017169645150816,4,2
-1.1752501846890115,-2.30499107314821,3,2
-5.031117270027153,-9.589549906419345,2,4
0.8509830587108802,1.33712176429101,4,2
-1.6895258325324312,-2.6563355647486357,3,2
-0.22143257304621877,-2.1027196156836188,3,2
1.5329260236291817,-0.44660525303676535,4,2
-1.2283737649166704,-2.9983110435741853,3,2
-3.2849584216132803,-8.871378404441232,2,4
-0.6076914255239398,-1.8572213689467951,3,2
-4.66450078062878,-9.772408923612016,2,4
-4.988646303138806,-6.860015413710918,2,4
9.4073841522334,2.0730093049249194,1,0
6.974228218665259,9.55896816119871,0,1
0.5063710494056244,1.155209483620123,4,2
7.528726933133705,0.03176875450138539,1,0
8.822173991950118,10.762321620521513,0,1
8.729694979307348,2.3894069005960485,1,0
5.760920295383719,-0.34490018002637557,1,0
-5.031781445148403,-10.592005664858432,2,3
1.8853210245539465,0.0695901023404033,4,2
-1.0818790795980169,-1.0119085232810767,4,2
7.312942959419803,9.921663312724965,0,1
8.798913588898928,0.26219931478642383,1,0
-1.1821118807602922,0.6516592164407453,3,2
8.485677316997585,2.0899769776473054,1,0
1.075183282272398,0.8318904045955777,4,2
7.294339842191692,9.794864677450363,0,1
6.876264335089809,9.22600968893399,0,1
6.112615590345563,0.6818765657694924,1,0
6.6907485538127185,11.951698372040132,0,1
-5.669916398507144,-10.190740319950192,2,3
6.352833985544125,2.524822840306305,1,0
-0.20535075511737855,-0.01620999350040636,4,2
7.108639676625029,1.7307974542143756,1,0
-2.614589835164459,-1.0930624405658746,3,2
-6.379101902060743,-9.16867623268929,2,4
8.243679990652971,1.4989542048114544,1,0
-5.113671458750646,-10.801765301482318,2,3
-7.223911140032805,-9.230958529167733,2,4
-1.4401429683771636,-2.5125206589921874,3,2
-1.6544072414617286,-2.157145217796258,3,2
6.484657241286529,8.829499465517904,0,1
-6.714155170921982,-9.859169157588543,2,4
-0.9709304781564916,-0.18879830869851877,3,2
6.793004206450621,0.4041626773835295,1,0
0.4835552490829265,-1.0949935445002557,4,2
7.906519407516465,9.280030298352155,0,1
6.897038411334673,7.9808100888924365,0,1
-0.9961715382134315,-0.0223756816454852,3,2
-0.4526745227168427,0.08404615188200315,4,2
-4.609930446050265,-10.440923556525027,2,3
0.4596398656024417,-0.14264782995487552,4,2
7.5906769897682596,0.8344365583088412,1,0
1.3647741722566122,0.6432792469686428,4,2
-1.3748348359033582,-1.6574978203306598,3,2
-4.367485663254036,-10.96573997204514,2,3
-5.868845405582891,-10.103411103080264,2,3
-1.7411013710439311,-3.688760312074095,3,2
-1.0723639026372176,-0.7257423120891244,3,2
-6.147841718759678,-8.521669408395734,2,4
6.028262888054213,9.362946020753519,0,1
-5.218310126194082,-9.046802467053645,2,4
8.544007536628474,2.5098549157651266,1,0
-3.9404526856464415,-10.362061686871762,2,3
1.1493978198086974,-0.5663607786026117,3,2
5.167440560736875,2.1019940611679733,1,0
6.613497367837271,1.7473035115615196,1,0
-0.7945986198904793,0.0947496930426488,4,2
-1.0037904011671928,-1.1504344269967866,4,2
-5.4739035437356005,-9.189225915816058,2,4
-6.330384835008429,-9.832507824329856,2,4
6.93819457833085,-0.5399941679583056,1,0
0.9223983231863266,0.22736083918447958,4,2
7.163422932523211,-0.7383308398384572,1,0
7.775500450145763,0.46374232316212655,1,0
-6.4676249126074,-10.030513841678456,2,3
6.967678665264898,8.962252297311142,0,1
8.20316159490136,12.013756180960826,0,1
7.322521255354309,10.45661816429381,0,1
1.6475313215746308,-1.6308817912683298,4,2
5.605294380331047,-1.0372294903347012,1,0
8.263415695184726,10.34723435281958,0,1
-0.4251387854172447,-0.4367807883340631,3,2
1.3707131631788823,-1.7855502704091935,3,2
-3.5300111576085014,-10.469186402640126,2,3
-3.9037900187935213,-9.374399636720339,2,4
1.6014423298682652,-0.5295306008614994,4,2
8.911112187519729,9.149332645486815,0,1
8.034405058811604,8.380292975909036,0,1
-1.9867061212119614,-3.1283842752504034,3,2
-2.156815854333108,-2.3708249560286254,3,2
8.239633772258202,0.3793830542637937,1,0
1.4073924790708754,0.6861164758103651,4,2
8.809962126179027,11.902170099841362,0,1
0.5379776458219457,-1.4196731285848063,4,2
9.067521392153495,0.6907504970502139,1,0
-2.1100769570281246,0.021245675203187098,3,2
-4.233472189512858,-9.561883527747236,2,4
-1.0198678087015365,-1.2374984307275425,3,2
-2.009255645787795,-2.51448191881553,3,2
-6.9697607056134085,-9.4630844060763,2,4
7.137601325463256,9.843454635777737,0,1
7.7772433809999555,0.04280913371466388,1,0
0.7653091821913927,-1.1197540286647498,4,2
-0.07054858208522075,0.25427505968467845,4,2
7.474314569298705,1.7871699795270786,1,0
7.569313590069759,0.8548422364291139,1,0
0.4367390747404569,-1.2300413991906776,3,2
-1.6284484300318922,-1.6017919098754805,3,2
9.941468585151041,1.150161829574147,1,0
-6.364847962747236,-10.151643240533593,2,3
5.974639733412724,10.873506229499533,0,1
-2.0713075707883464,-2.753224688040865,3,2
-4.257893781208373,-8.629404365378756,2,4
7.964815921930528,8.039146587578905,0,1
-2.8676105900665907,-0.05562639502703792,3,2
-6.616605198762963,-8.5427189243325,2,4
-1.502963420810217,-1.682587130769439,3,2
8.174803015726809,0.3251170684972041,1,0
-4.558201985904696,-12.942963697934587,2,3
-0.49152712780019825,-1.4740734779723477,3,2
7.148329045156171,8.176260517560383,0,1
-5.086550903401482,-10.103649018473934,2,3
7.059546115677302,0.13547478915120093,1,0
-4.239946532882626,-10.818407315364619,2,3
6.346814725561926,10.330756423082127,0,1
8.005995102153136,9.533883893885832,0,1
-2.1199737456315364,-2.877114363551773,3,2
-1.8819054989939752,-3.2917784521170126,3,2
7.581705340575165,0.9346273306200069,1,0
7.994555468450377,1.834501630642518,1,0
-4.7426537458835,-9.283702303956934,2,4
7.057915291811877,11.329980421059497,0,1
2.4685906937184163,-1.6881360935809058,4,2
8.189046959257753,10.590292351586207,0,1
-5.85294340765152,-10.541557003623172,2,3
0.6589801767977996,-1.217066945587606,4,2
8.734061019155845,2.2739888730461186,1,0
7.798874176366278,2.1859957206880107,1,0
7.274232653223459,9.184599908877153,0,1
1.4747948784954121,-1.4636013940329513,4,2
-5.601445858739511,-10.525465913950017,2,3
6.100713556114664,9.290077038478154,0,1
8.197059397903699,0.27011113166855766,1,0
-4.752045067533849,-8.774521479907117,2,4
0.6754383235699554,-2.1637422761112504,4,2
6.70727256001126,10.797930083167728,0,1
-6.356493919540673,-9.706133239969734,2,4
-5.779399593363635,-9.563407741697594,2,4
0.1287587604217152,0.07609676261015252,4,2
8.258919931015543,-0.015722120611727175,1,0
7.220098356219611,8.11418675776941,0,1
7.650235032274336,0.7282441510397213,1,0
-5.44719228384246,-9.696644465336044,2,4
-1.1730218116340312,-2.6128725681576337,3,2
6.361589859196707,-0.01641232302870499,1,0
3.4684422001470403,-0.9940588631227468,4,2
7.761582008629383,1.1332071374173807,1,0
-3.3779224307639235,-0.5741628228377889,3,2
6.487391973060022,8.838653105588971,0,1
-0.027341368016071566,-1.1674858422303862,4,2
-4.575752443000963,-9.830891812842632,2,3
8.721055376623791,-0.34376271667680636,1,0
6.9313170134261535,7.894247337172106,0,1
8.163711165405385,-0.4707867282861615,1,0
-4.4831725015268376,-10.416000968613877,2,3
5.93435175805539,9.476117339351992,0,1
-0.2701276070820815,-1.9393416914966801,3,2
-0.5161077013571517,-2.044350027435132,4,2
7.7651581731563,1.2068061898710458,1,0
-0.23759868378334814,-2.842294075955711,3,2
0.006650815784864816,-2.0849195876030353,4,2
-2.002998569173813,0.257594070695057,3,2
-0.1359573941335559,0.7529716830434148,4,2
0.03296177980773446,-0.15056214899011605,4,2
-5.349761761415977,-9.987960672034466,2,3
5.628039515911944,9.775854429467904,0,1
6.558192058720582,8.847932387351088,0,1
7.380179686934908,8.530768233907269,0,1
-1.9024295452456539,-1.306718555726499,3,2
6.023672851939418,9.945848986240046,0,1
9.020921045259714,-0.45274073650115,1,0
-5.521393757172996,-9.265090869409205,2,4
-5.896897110334018,-10.104390233451968,2,3
1.6769976646186815,-0.30484150264909715,4,2
6.791165604397467,0.9433316870204391,1,0
-3.4576952994228014,-1.8181203201513476,3,2
9.941099030505033,9.223956669241192,0,1
-5.486621483436252,-7.799245920711098,2,4
9.597764907466832,0.5578754917126952,1,0
-5.50496041670735,-9.959529048203349,2,3
5.673095058476615,0.8135460484176396,1,0
-1.4667312490895656,-1.5575974876687282,3,2
-5.120501648654518,-10.435155212000492,2,3
-6.331432430476447,-10.26019601214875,2,3
7.6025272017812,8.989623865197585,0,1
-1.3674947907573896,-2.3388917250045496,3,2
5.79446006440811,0.9899478986192395,1,0
-4.256899452333643,-9.497997737419603,2,4
8.255057886498266,0.13445014653935666,1,0
8.572528406973893,1.8136529292059305,1,0
7.2502072772206,0.8857245226671915,1,0
7.376050725374097,1.011679078625586,1,0
8.733851256295916,-0.2956063843731874,1,0
-0.37353255019070053,0.07236280297425424,4,2
-6.693498705659397,-9.502189504720217,2,4
0.12191100479193545,-0.25001992349686364,4,2
-3.393248125116884,-9.972547191125917,2,3
7.280207844445368,0.24489714759917763,1,0
-1.723593842493039,-2.6750944943800503,3,2
6.450830234958965,-1.0467580152375622,1,0
7.743375938338276,8.583588230137083,0,1
0.1719808447261552,0.11122672934423994,4,2
8.004056305852087,10.536953742792356,0,1
-4.094891856591046,-9.05057871039586,2,4
7.6693596470876395,-0.005599374713821881,1,0
7.571351032328171,8.967153960263557,0,1
-3.1256387644467125,-2.6796513391966768,3,2
6.029378979372048,10.319740567539885,0,1
-1.124410973352294,-2.1917606762912243,3,2
7.261205035903247,-1.056323733914571,1,0
5.5256873399568915,10.349555051785503,0,1
-0.007466141587173014,0.8456934235131821,4,2
7.012307078998515,1.391218494537872,1,0
8.233232767453575,-0.6239723715664376,1,0
-5.081011960910586,-9.577633510668026,2,4
-5.298122403490217,-11.386749411472227,2,3
0.6053582652105166,0.3795173250916446,4,2
0.9773891997477425,-1.6002236206955174,4,2
8.391643017275703,1.907769234302512,1,0
7.020378882832865,9.256440634675762,0,1
7.157023383559479,10.019030040564575,0,1
-5.536266358376524,-8.374588820603554,2,4
0.2579708624358956,0.2866689092128324,4,2
7.487007328421284,1.712473396244443,1,0
-6.645714978742191,-8.094823277317921,2,4
-1.9843264214704779,-1.0024181347370078,3,2
-0.7818997717660068,-0.15190653713546354,3,2
7.805948690560725,2.710637366172374,1,0
-2.6068420941714088,-0.25915068387354734,3,2
6.815867562288986,9.962567807635901,0,1
0.37905034203569815,-1.7818373141434438,4,2
0.3681136865173771,-1.6630129140328136,4,2
-3.1081021929908745,-9.463714598888316,2,4
7.162513556122373,9.74878714371016,0,1
0.8133153829170321,-3.0942905768510216,4,2
0.38130186792907994,-2.0978849151953796,4,2
6.7544505381429225,9.745319331430215,0,1
-0.9940655573543336,-1.354230622488299,4,2
7.679972151315388,10.081094862888568,0,1
0.3689172841901365,-1.0385516657834768,4,2
7.829581778043418,8.89779120761757,0,1
6.312224465739323,0.8416366759530352,1,0
6.890788892476584,10.61298901682553,0,1
-6.0178245499583625,-10.125390369286821,2,3
-0.4258889770250971,-1.7835067692967583,3,2
7.242110009194772,7.485068713755573,0,1
6.493335870694421,8.848036464943357,0,1
-0.9298356338188316,-1.1382674628926206,4,2
-0.880689988274137,0.05461556933046735,4,2
-5.0430620205750785,-10.431688309969784,2,3
-0.9836250356335751,-2.047402437717251,3,2
-6.055141932005147,-11.158002951250698,2,3
-1.46701900786482,-2.208917390177415,3,2
-0.44498700431279736,0.2065414186573431,4,2
-5.5050711864956705,-10.203629995021226,2,3
-2.465565360575461,-1.2220709730163706,3,2
8.031274855428077,8.377475219135745,0,1
7.584237253535643,10.701243878720067,0,1
7.335351877590369,2.943328221122014,1,0
7.354781719814298,0.08842682208476338,1,0
8.301859153089477,0.07208019148311429,1,0
-1.7864879521447206,-1.9460348277209252,3,2
0.21936540859107634,-0.3663184839252196,3,2
-7.11681989670888,-9.65424714730793,2,4
-4.07825795578103,-9.872531913359428,2,3
7.6996058920434125,-0.3228983464161629,1,0
7.498143734038043,9.29677019315073,0,1
1.399836968556932,-0.1871478652856169,4,2
8.29902243444456,2.4148083754872776,1,0
-1.2521864828761686,-0.04819314406347702,4,2
-6.514512803680487,-8.73740546856429,2,4
8.437819170433489,8.956956569433746,0,1
-0.9829484132162591,-3.2122645628615922,3,2
-6.176033212675926,-9.276617248349684,2,4
0.04519229841847627,-0.6802072914508657,4,2
0.8406232670520719,-1.430478967243097,4,2
-6.080063661212093,-11.01022761366314,2,3
-6.296569574492136,-9.441879827598672,2,4
-1.1573401452494159,-2.318250896636499,3,2
6.833511911015021,-0.04408069511412882,1,0
0.9118545060855302,-1.9364944999825455,4,2
7.953113720266394,8.368976644531578,0,1
6.85149086185994,1.5679927590007605,1,0
7.446369848134654,11.436749535578953,0,1
7.4078387066007965,6.936330829821463,0,1
7.676643601883337,1.258894675382738,1,0
8.144735791513744,0.009644877121577689,1,0
9.109075429186936,1.5141676994652187,1,0
-5.356038527083766,-10.624063626219035,2,3
7.269469547555358,10.983203690973689,0,1
7.874625905662925,1.512098708768367,1,0
-0.965474693562671,-1.9136723799097812,3,2
-1.3114752511047945,-2.081659450890638,3,2
7.112992336785887,1.0046639766902814,1,0
-0.6624767116913748,-0.06769881917288262,4,2
-1.3676272352014658,-1.1982063120051067,3,2
7.829448164576652,9.626271582582962,0,1
-4.25335282451233,-10.699049471978284,2,3
-2.9238548585329043,-2.0310550413425434,3,2
7.4987779462421855,0.41477268538509093,1,0
-6.311693795399737,-10.690479291772647,2,3
1.010336180930448,-0.24702031380385153,4,2
-5.091476597738913,-9.657697445491811,2,4
-6.683483158306381,-11.264823722457743,2,3
0.8661091601784603,0.4408025230807018,4,2
-3.5551858613427942,-11.444496010768745,2,3
-0.8362236541535255,-2.826324841542608,3,2
7.645628401112976,8.236672534312923,0,1
-0.6640276943746197,-1.648035672532317,3,2
-2.737801895961521,-1.8598398287244027,3,2
-5.406615228479943,-8.24984988805834,2,4
-3.107301463738578,-2.146259420544607,3,2
-4.711106801565265,-9.313997982514532,2,4
1.7705752325674067,-0.7909639295753692,4,2
-0.07415939507630664,-2.30901926496501,3,2
-2.052886477760792,-1.1721727528476178,3,2
-1.0938697910663424,-3.7723400184029128,3,2
-6.124357177197575,-9.158435866283417,2,4
6.811700495846251,10.884041302883416,0,1
2.1847254070363125,-1.9065765075291636,4,2
-0.9804805542701389,-1.2167397177228136,4,2
-2.0699335768125584,-1.6695337192965605,3,2
-5.036624288693565,-9.622954796356513,2,4
1.3758522006621519,1.0339531904626478,4,2
-0.16263219168844056,0.9429623459754266,3,2
1.4556877547124367,1.0473482908879952,4,2
-7.012301019160657,-10.354109046555685,2,3
-6.443637022477887,-8.978858101535877,2,4
-1.6381728332655354,-2.116026332972603,3,2
8.25125224483669,-0.5293167977006654,1,0
9.196424224416244,11.575369540974775,0,1
8.856582331625864,9.522040429570326,0,1
5.054084598651397,10.079009900851357,0,1
0.19289382030084162,2.2035255611464426,4,2
7.768436237413441,10.316968928359707,0,1
-1.5243441943878937,-2.7179043538115573,3,2
-1.4595310324511566,-1.1343630310851172,3,2
0.868859650018156,-0.8021507572988467,4,2
7.217982789557768,1.8420899240212474,1,0
7.325143008735741,9.825415659478276,0,1
9.674867531950778,9.338118978343378,0,1
-5.515987351306853,-8.878592046109741,2,4
7.211168398480373,2.063627847222736,1,0
8.141305850822338,0.8865708481901531,1,0
-0.09241796917831446,-0.6216437336560521,3,2
7.402927027731533,9.162177021686484,0,1
0.44483619389805873,1.6154048016044391,4,2
6.57407735777736,0.10971722424219987,1,0
1.2624637307019264,-2.7142753545311793,3,2
7.630271164581405,8.69797932934509,0,1
-1.3846174421487591,-2.2883951175807242,3,2
0.3036138748848728,-0.943102919407014,4,2
7.723602612506468,8.686384495116586,0,1
-1.7278919737405618,-2.831230163137057,3,2
-6.104997811288795,-9.028201324069508,2,4
5.722430362231272,1.2059860840984427,1,0
-2.212699616881385,-0.9614569731272659,3,2
6.108460663453791,8.233439954433162,0,1
7.542578188845107,7.0240301936563565,0,1
8.587102308483056,1.6616889218416986,1,0
7.3441162712003285,0.8941726579245608,1,0
-1.5857002115555232,-2.697089692917133,3,2
-0.4724463883890324,-0.4743946665305543,4,2
-0.18373163126781644,-0.6844540173878086,4,2
-1.3340097466753504,-3.2327777220691165,3,2
-5.681242432137238,-10.978153481890004,2,3
7.059913286058756,2.500932461671802,1,0
-3.4559382484276235,-1.3593583680133507,3,2
1.362422517871058,0.853678973768893,4,2
-5.706088520334628,-9.359936942560509,2,4
7.897658143586724,8.219547640515174,0,1
-1.6777565615853973,-1.1591342600042753,3,2
6.603466195319238,7.384882276543259,0,1
-0.10739919570775736,-0.7721377657785663,4,2
7.730045874920727,6.862641780220532,0,1
-1.1057430754573143,-3.035764262434448,3,2
-7.20032168106054,-9.20988190505825,2,4
-7.620052231392992,-9.183860299372668,2,4
8.951426179715572,1.1509575232693354,1,0
0.40614590962508873,1.1438857543228726,4,2
0.13713944291585473,-0.9254701101195146,4,2
6.9151169572539075,8.648123835168608,0,1
8.277168731248368,0.3358817054052912,1,0
-1.2794947598380069,-1.2341107068746568,3,2
7.163615726845544,-0.6590767646094704,1,0
-3.7231385659244634,-9.086144516186668,2,4
7.266112363702731,1.083940805607112,1,0
6.385640525318891,0.8490604315932305,1,0
1.553945854829023,0.2292214153481673,4,2
8.080346047745621,10.02847377227517,0,1
-6.84752464557512,-10.222731954189042,2,3
9.17061801150707,10.376906958963211,0,1
-0.5181654041009447,-2.569113489823042,3,2
8.22799869202533,9.81331771641704,0,1
0.05151420082373237,-1.9124980977675734,4,2
0.8308713239982881,0.9512874507754292,4,2
0.572078134443668,-0.48591367493664683,4,2
-2.2168181816278416,-2.5465569264808217,3,2
2.699018197807627,-0.8456951856318583,4,2
-4.251439517199026,-11.021007066437395,2,3
-5.744723868772916,-9.616813880009577,2,4
6.2043174282753935,8.968977479239292,0,1
1.7874656415022154,-0.288894145925974,4,2
9.476299478628375,1.909208731267661,1,0
-4.683745670420835,-9.24799329640952,2,4
8.423782206512842,-0.953959816276327,1,0
-1.6605121405067182,-0.4370464892318049,3,2
6.8576950333519715,10.30105928981949,0,1
-0.9035940080413943,-1.210205737676263,3,2
0.32205692901460115,0.254429574586317,4,2
-1.3307141260775481,-1.0792311055136394,3,2
7.924096066069108,8.644638392047174,0,1
-2.397944900671206,-0.3960982735375105,3,2
6.258170822197859,9.795054772524264,0,1
7.247855249003181,1.327258935489278,1,0
8.12609615813451,0.8686143344810873,1,0
-5.343963682033132,-9.625218009004252,2,4
7.647750740873474,0.11044010167591956,1,0
-0.8053678013919168,-4.143938293634968,3,2
-5.351316452584367,-9.546556391645213,2,4
8.204206924776992,9.31490435703241,0,1
7.931948832244169,8.495614797800599,0,1
-5.066123060877198,-10.627419012071208,2,3
-3.3578123788850616,-8.951531426816388,2,4
7.5963509531288285,8.01979549661592,0,1
0.4738127467142568,0.4715063373688162,4,2
7.572804207115649,1.7901712326984733,1,0
-1.1849533589930363,-2.016924643876722,3,2
6.723680018358141,1.5687408829059641,1,0
7.090229485467765,8.579197984922303,0,1
-0.750473311625465,-0.10271447455973015,3,2
7.554749812536381,1.2390664762374273,1,0
8.445220689679465,2.263683185582216,1,0
7.051093318588911,-1.16446822165123,1,0
-4.795376768214541,-7.780766371698488,2,4
-0.1881749194446133,0.25435533377365327,4,2
8.456234011896452,9.741804387031742,0,1
-1.502442012045158,-0.8447848591940295,4,2
7.612279073844272,9.446362697754298,0,1
-5.492105373452314,-9.532094756345396,2,4
2.8854857149236697,1.2373725041964048,4,0
0.8244929232991141,-2.07524969129729,4,2
-0.42453891191824045,0.9283832337832305,4,2
-0.7887947787346661,-3.1090201148375582,3,2
-2.087508148338062,-1.2088473332080114,3,2
-4.397920821980772,-10.717230958503693,2,3
1.646684118272404,-1.0359905305124806,4,2
-6.389576702617362,-9.684849109979327,2,4
-1.8959031661530608,-0.1912529266984865,4,2
-4.8995141728120295,-11.50780499641922,2,3
9.730388318760967,-1.46370957586038,1,0
-0.4494672257315505,-1.3904622743255328,4,2
-7.758473812465429,-8.694920753365444,2,4
-0.7094633878280974,-1.4314049565640428,3,2
7.85686919054132,1.416471585385848,1,0
8.07641738763738,0.7230265132965396,1,0
0.7161593117066749,-0.30467881455788437,4,2
8.182404213527414,8.169999776999951,0,1
8.209892199464038,10.425294201940035,0,1
6.6165131565988915,1.148031347237489,1,0
-0.31758509493357756,-1.334988844745946,4,2
-1.2298360232688026,-0.20846282538691852,3,2
6.052660207446516,-0.46612990855191816,1,0
-3.974906631588426,-9.543484741426838,2,4
-0.0866824000044426,-0.011836882320287623,4,2
7.405819691089473,9.538803650189077,0,1
-0.6698367472928406,-2.8314193824144134,3,2
9.403530800116986,8.095920989604394,0,1
6.655891363459293,8.010925833927223,0,1
8.061640781913768,8.437369677651784,0,1
6.8922890541860005,8.606342930375176,0,1
-0.3477688421681123,-1.7149479904073501,4,2
-2.787873794291018,-1.666260374154152,3,2
5.660203194301357,9.181150529572566,0,1
6.334261717123305,2.6976506951324906,1,0
-2.4857432954138434,-9.391279735015983,2,4
8.288270951099074,10.717308034864457,0,1
-5.1254544510466005,-8.454580473214433,2,4
-0.4296034678948468,-0.3819334422682451,4,2
0.1981169473204768,-1.0543764239910316,4,2
6.158954831030094,8.702086854283483,0,1
-0.4105688556177941,-0.6944136435658639,4,2
7.726547109268946,2.038815969396164,1,0
10.01367527325689,10.520894533766764,0,1
